Date,ENSEMBLE
2025-01-02,0.00543
2025-01-03,-0.00075
2025-01-06,-0.00445
2025-01-07,-0.00139
2025-01-08,-0.00177
2025-01-10,-0.00419
2025-01-13,-0.01103
2025-01-14,-0.00064
2025-01-15,0.00657
2025-01-16,0.00078
2025-01-17,0.00080
2025-01-21,0.01174
2025-01-22,0.00057
2025-01-23,0.00053
2025-01-24,0.00136
2025-01-27,0.00186
2025-01-28,-0.00776
2025-01-29,0.00542
2025-01-30,0.00473
2025-01-31,0.00903
2025-02-03,-0.00447
2025-02-04,-0.00134
2025-02-05,0.00400
2025-02-06,0.00155
2025-02-07,-0.00230
2025-02-10,0.00339
2025-02-11,-0.00065
2025-02-12,-0.00193
2025-02-13,0.00749
2025-02-14,0.00675
2025-02-18,-0.00015
2025-02-19,-0.00142
2025-02-20,-0.00117
2025-02-21,0.00534
2025-02-24,0.00164
2025-02-25,0.00262
2025-02-26,-0.00161
2025-02-27,0.00838
2025-02-28,-0.00242
2025-03-03,-0.00032
2025-03-04,0.00388
2025-03-05,-0.00082
2025-03-06,0.01144
2025-03-07,0.00081
2025-03-10,0.00387
2025-03-11,-0.00555
2025-03-12,-0.00611
2025-03-13,-0.00188
2025-03-14,0.00504
2025-03-17,0.00032
2025-03-18,0.00039
2025-03-19,0.00016
2025-03-20,-0.00643
2025-03-21,0.00051
2025-03-24,-0.00423
2025-03-25,0.00386
2025-03-26,0.00311
2025-03-27,-0.00353
2025-03-28,0.00042
2025-03-31,-0.00230
